id,customer_id,first_name,last_name,email,city,state,member_since
1,1,Pier,Antoons,pantoons0@phoca.cz,Sparks,Nevada,2023-05-07 22:40:45
2,2,Else,Face,eface1@wufoo.com,Provo,Utah,2022-05-09 05:47:46
3,3,Lamar,Pocklington,lpocklington2@vimeo.com,Wilmington,Delaware,2022-08-19 13:31:57
4,4,Dov,Sandiland,dsandiland3@psu.edu,Van Nuys,California,2022-09-17 06:17:43
5,5,Doralynne,Stockman,dstockman4@soundcloud.com,Rockford,Illinois,2022-09-18 22:49:32
6,6,Emmye,Buzin,ebuzin5@virginia.edu,Temple,Texas,2023-02-10 17:11:00
7,7,Lilah,Pedrol,lpedrol6@springer.com,Houston,Texas,2023-03-05 18:34:05
8,8,Nickey,Waltho,nwaltho7@indiegogo.com,Irvine,California,2023-05-07 10:12:57
9,9,Sada,Cowles,scowles8@mysql.com,Amarillo,Texas,2022-07-08 07:58:05
10,10,Olly,Brammer,obrammer9@github.com,Decatur,Georgia,2023-04-13 01:15:56
11,11,Cris,O'Mullaney,comullaneya@blogtalkradio.com,Orange,California,2023-01-31 01:21:46
12,12,Modesta,Lutzmann,mlutzmannb@livejournal.com,Aurora,Colorado,2022-12-28 01:39:52
13,13,Paige,Dansey,pdanseyc@baidu.com,San Diego,California,2023-01-24 01:12:06
14,14,Rees,Pledge,rpledged@cornell.edu,Wilmington,Delaware,2022-07-16 07:43:05
15,15,Nicolette,Faveryear,nfaveryeare@comsenz.com,Lake Worth,Florida,2022-07-24 16:00:51
16,16,Chickie,Fiddler,cfiddlerf@nps.gov,Gainesville,Florida,2022-09-17 08:27:12
17,17,Cheryl,Trussler,ctrusslerg@ibm.com,Houston,Texas,2022-05-21 11:55:39
18,18,Kylie,Aingel,kaingelh@woothemes.com,Dallas,Texas,2022-11-03 04:23:36
19,19,Ramsey,Crosskill,rcrosskilli@tamu.edu,Winston Salem,North Carolina,2022-05-26 09:21:40
20,20,Jack,Buyers,jbuyersj@networkadvertising.org,Bethesda,Maryland,2023-01-22 14:31:02
21,21,Towny,Hallward,thallwardk@yale.edu,Buffalo,New York,2023-04-04 13:10:07
22,22,Licha,Pero,lperol@mac.com,Tampa,Florida,2022-12-18 03:08:57
23,23,Maggee,Bruhnicke,mbruhnickem@dion.ne.jp,Dallas,Texas,2023-03-18 08:13:36
24,24,Helena,Schimmang,hschimmangn@businesswire.com,Metairie,Louisiana,2023-01-22 08:46:44
25,25,Ulick,Bente,ubenteo@epa.gov,Mobile,Alabama,2023-03-08 01:30:44
26,26,Olav,Guislin,oguislinp@myspace.com,Northridge,California,2023-01-31 15:45:23
27,27,Darice,Whayman,dwhaymanq@amazon.com,Baton Rouge,Louisiana,2023-03-10 10:12:17
28,28,Clayborne,Eliasen,celiasenr@cornell.edu,Spartanburg,South Carolina,2023-02-11 05:49:12
29,29,Salvidor,Agutter,sagutters@theglobeandmail.com,Ashburn,Virginia,2023-01-28 05:03:56
30,30,Vassili,Adrian,vadriant@free.fr,Washington,District of Columbia,2022-11-12 02:52:06
31,31,Darin,Paolino,dpaolinou@over-blog.com,Tampa,Florida,2022-07-05 16:18:17
32,32,Cornall,Dallimare,cdallimarev@twitter.com,Zephyrhills,Florida,2023-03-22 23:28:14
33,33,Ernaline,Piotr,epiotrw@trellian.com,Saint Petersburg,Florida,2022-12-02 19:01:38
34,34,Jackelyn,McGoon,jmcgoonx@ovh.net,El Paso,Texas,2022-10-17 14:34:00
35,35,Shaylynn,Bream,sbreamy@accuweather.com,Charlotte,North Carolina,2023-04-14 02:02:54
36,36,Danita,Surman,dsurmanz@is.gd,Oklahoma City,Oklahoma,2022-11-27 05:54:36
37,37,Chantal,Beaty,cbeaty10@umn.edu,Salinas,California,2022-08-30 06:59:30
38,38,Arie,Adan,aadan11@photobucket.com,Pittsburgh,Pennsylvania,2022-09-13 07:09:52
39,39,Elliott,Dwane,edwane12@w3.org,Kansas City,Missouri,2022-12-31 22:19:38
40,40,Ania,Sutherden,asutherden13@theguardian.com,Odessa,Texas,2023-01-14 10:32:45
41,41,Shep,Milmo,smilmo14@spotify.com,Charlotte,North Carolina,2023-02-13 08:55:45
42,42,Peder,Cotterell,pcotterell15@dmoz.org,Fresno,California,2022-08-03 04:55:18
43,43,Erhart,Fraczek,efraczek16@aboutads.info,Des Moines,Iowa,2023-04-22 15:17:50
44,44,Kerrie,Rodger,krodger17@godaddy.com,Miami,Florida,2022-09-17 02:15:09
45,45,Mycah,Fielder,mfielder18@cloudflare.com,Akron,Ohio,2022-12-09 12:51:00
46,46,Jessica,Wolfendale,jwolfendale19@cbsnews.com,Chicago,Illinois,2023-01-30 08:14:29
47,47,Delora,Abrey,dabrey1a@google.nl,Boise,Idaho,2022-06-07 00:32:08
48,48,Minette,Froude,mfroude1b@about.me,Orlando,Florida,2023-04-29 23:44:09
49,49,Isidore,Evett,ievett1c@stumbleupon.com,Tyler,Texas,2022-06-06 11:14:35
50,50,Linc,Gilardi,lgilardi1d@w3.org,Brooklyn,New York,2022-11-10 19:14:35
51,51,Vanni,Kynan,vkynan1e@go.com,Worcester,Massachusetts,2022-10-08 20:10:45
52,52,Dan,Loudon,dloudon1f@java.com,Atlanta,Georgia,2022-09-20 06:02:01
53,53,Paul,Charker,pcharker1g@admin.ch,Jamaica,New York,2023-03-24 18:31:54
54,54,Tomi,Yakushkin,tyakushkin1h@ow.ly,New York City,New York,2022-06-10 07:11:53
55,55,Leonelle,Demare,ldemare1i@jalbum.net,San Diego,California,2022-10-25 08:27:35
56,56,Jacques,Pristnor,jpristnor1j@ca.gov,Atlanta,Georgia,2022-12-22 00:21:22
57,57,Minne,Sumnall,msumnall1k@miitbeian.gov.cn,Phoenix,Arizona,2023-03-19 03:24:55
58,58,Aarika,Crassweller,acrassweller1l@about.com,Waco,Texas,2022-10-18 07:40:35
59,59,Lauree,Ortes,lortes1m@intel.com,Huntington,West Virginia,2023-02-04 14:25:05
60,60,Rodina,Kemitt,rkemitt1n@com.com,Boston,Massachusetts,2023-02-10 01:59:58
61,61,Abraham,Liddle,aliddle1o@accuweather.com,Houston,Texas,2022-09-16 12:10:55
62,62,Ashleigh,Mashal,amashal1p@huffingtonpost.com,Jacksonville,Florida,2022-09-24 18:58:02
63,63,Bibbie,Ruslen,bruslen1q@shop-pro.jp,Austin,Texas,2023-04-27 07:10:27
64,64,Lonee,Farfalameev,lfarfalameev1r@merriam-webster.com,Duluth,Georgia,2022-05-18 11:11:46
65,65,Codie,Santostefano.,csantostefano1s@tumblr.com,Jackson,Mississippi,2022-08-12 19:31:25
66,66,Clary,Kimber,ckimber1t@paginegialle.it,Austin,Texas,2022-12-12 13:16:09
67,67,Gordon,Calverley,gcalverley1u@wikipedia.org,Jacksonville,Florida,2023-02-20 20:14:32
68,68,Wilhelm,Leacy,wleacy1v@alibaba.com,El Paso,Texas,2023-02-02 02:52:50
69,69,Trina,MacGruer,tmacgruer1w@umn.edu,Salt Lake City,Utah,2022-08-17 12:38:19
70,70,Cordelia,Helkin,chelkin1x@wiley.com,Des Moines,Iowa,2022-10-13 00:26:49
71,71,Udall,Skaife d'Ingerthorpe,uskaifedingerthorpe1y@infoseek.co.jp,Herndon,Virginia,2022-11-20 03:21:52
72,72,Skylar,Kybbye,skybbye1z@networksolutions.com,Macon,Georgia,2023-05-02 03:11:31
73,73,Henderson,Beagin,hbeagin20@cam.ac.uk,Harrisburg,Pennsylvania,2022-05-31 20:38:00
74,74,Ludwig,Gelderd,lgelderd21@google.com.br,Houston,Texas,2022-06-17 07:16:39
75,75,Carroll,Miskimmon,cmiskimmon22@quantcast.com,Houston,Texas,2022-10-08 02:46:41
76,76,Lyndell,Van Der Weedenburg,lvanderweedenburg23@hatena.ne.jp,Roanoke,Virginia,2022-07-01 20:00:25
77,77,Guillermo,Orrett,gorrett24@mac.com,Lafayette,Louisiana,2022-12-08 23:52:51
78,78,Oralie,Haggett,ohaggett25@tripod.com,Scranton,Pennsylvania,2022-12-27 17:32:54
79,79,Johan,Stutter,jstutter26@smugmug.com,Tallahassee,Florida,2022-12-31 02:43:26
80,80,Amalie,Oke,aoke27@quantcast.com,Reno,Nevada,2022-09-11 01:54:25
81,81,Eldridge,Haney`,ehaney28@about.com,Philadelphia,Pennsylvania,2022-05-11 05:39:11
82,82,Dolph,Pipe,dpipe29@liveinternet.ru,Philadelphia,Pennsylvania,2022-10-11 14:15:06
83,83,Berne,Ness,bness2a@bloglines.com,Shawnee Mission,Kansas,2022-12-13 16:25:20
84,84,Mellisa,Cornwell,mcornwell2b@squarespace.com,Cincinnati,Ohio,2022-09-08 15:56:45
85,85,Kristopher,Duligal,kduligal2c@topsy.com,Hattiesburg,Mississippi,2022-10-24 17:44:25
86,86,Griffith,Toseland,gtoseland2d@acquirethisname.com,Austin,Texas,2022-11-26 01:32:31
87,87,Carrissa,Sawrey,csawrey2e@goo.ne.jp,Lincoln,Nebraska,2022-09-12 10:31:32
88,88,Fina,Streetfield,fstreetfield2f@rambler.ru,Schaumburg,Illinois,2022-11-18 13:13:02
89,89,Amber,Braunle,abraunle2g@timesonline.co.uk,New York City,New York,2023-01-19 02:30:27
90,90,Emma,Janak,ejanak2h@wordpress.org,Jackson,Mississippi,2022-06-15 23:45:32
91,91,Asher,Binden,abinden2i@devhub.com,Houston,Texas,2022-10-25 09:47:33
92,92,Scottie,Ilyas,silyas2j@apple.com,Hartford,Connecticut,2023-02-20 14:09:25
93,93,Dante,Cabbell,dcabbell2k@over-blog.com,Tampa,Florida,2023-04-18 11:56:49
94,94,Beret,Pace,bpace2l@epa.gov,Dallas,Texas,2022-10-21 04:09:21
95,95,Ange,Cawt,acawt2m@mtv.com,Hagerstown,Maryland,2022-09-14 00:00:52
96,96,Milt,Soppitt,msoppitt2n@printfriendly.com,Longview,Texas,2022-12-27 09:06:51
97,97,Pippa,Blodgett,pblodgett2o@google.com,San Jose,California,2022-12-13 06:34:46
98,98,Stanly,Coope,scoope2p@github.io,Minneapolis,Minnesota,2023-04-06 17:22:34
99,99,Armando,Oller,aoller2q@cloudflare.com,Bonita Springs,Florida,2022-05-20 20:33:36
100,100,Ogdon,Ditchett,oditchett2r@google.nl,San Diego,California,2022-09-14 13:05:21
